{
  "ts_kst": "2025-09-11T14:54:17.679+09:00",
  "image_size": {
    "w": 1280,
    "h": 720
  },
  "side": "right",
  "shoulder_px": [
    412,
    596,
    0.9990142583847046
  ],
  "elbow_px": [
    247,
    789,
    0.4236372113227844
  ],
  "wrist_px": [
    240,
    1104,
    0.12634368240833282
  ],
  "hip_px": [
    458,
    1157,
    0.0002293426514370367
  ],
  "angles_deg": {
    "shoulder": 45.215432884547404,
    "elbow": 140.74516008434114
  }
}